{
  "$schema": "https://schema.management.azure.com/schemas/2019-04-01/deploymentTemplate.json#",
  "contentVersion": "1.0.0.0",
  "resources": [
    {
      "name": "aksCluster1",
      "type": "Microsoft.ContainerService/managedClusters",
      "apiVersion": "2020-02-01",
      "location": "[resourceGroup().location]",
      "properties": {
        "kubernetesVersion": "1.15.7",
        "dnsPrefix": "dnsprefix",
        "agentPoolProfiles": [
          {
            "name": "agentpool",
            "count": 2,
            "vmSize": "Standard_A1",
            "osType": "Linux",
            "storageProfile": "ManagedDisks"
          }
        ],
        "linuxProfile": {
          "adminUsername": "adminUserName",
          "ssh": {
            "publicKeys": [
              {
                "keyData": "keyData"
              }
            ]
          }
        },
        "servicePrincipalProfile": {
          "clientId": "servicePrincipalAppId",
          "secret": "servicePrincipalAppPassword"
        }
      }
    }
  ]
}
