{
  "project_info": {
    "project_number": "344570128040",
    "firebase_url": "https://iaiforme-37859.firebaseio.com",
    "project_id": "iaiforme-37859",
    "storage_bucket": "iaiforme-37859.appspot.com"
  },
  "client": [
    {
      "client_info": {
        "mobilesdk_app_id": "1:344570128040:android:2bf5336b86f563b171449d",
        "android_client_info": {
          "package_name": "com.netanel.iaiforme"
        }
      },
      "oauth_client": [
        {
          "client_id": "344570128040-0agenmt00voa0d39r2q03rmse0u9t7oj.apps.googleusercontent.com",
          "client_type": 3
        }
      ],
      "api_key": [
        {
          "current_key": "AIzaSyAMeKrIs1TirhjqYvIfZMEVHwDxgtwfeRw"
        }
      ],
      "services": {
        "appinvite_service": {
          "other_platform_oauth_client": [
            {
              "client_id": "344570128040-0agenmt00voa0d39r2q03rmse0u9t7oj.apps.googleusercontent.com",
              "client_type": 3
            }
          ]
        }
      }
    }
  ],
  "configuration_version": "1"
}
