{
    "apiVersion": "networking.istio.io/v1beta1",
    "kind": "Gateway",
    "metadata": {
        "name": "gateway",
        "namespace": "istio-system"
    },
    "spec": {
        "selector": {
            "app": "istio-ingressgateway",
            "istio": "ingressgateway"
        },
        "servers": [
            {
                "hosts": [
                    "*"
                ],
                "port": {
                    "name": "http",
                    "number": 80,
                    "protocol": "HTTP2"
                },
                "tls": {
                    "httpsRedirect": true
                }
            },
            {
                "hosts": [
                    "*"
                ],
                "port": {
                    "name": "https-default",
                    "number": 443,
                    "protocol": "HTTPS"
                },
                "tls": {
                    "cipherSuites": [],
                    "maxProtocolVersion": "TLSV1_2",
                    "minProtocolVersion": "TLSV1_2",
                    "mode": "SIMPLE"
                }
            }
        ]
    }
}